<?xml version="1.0" encoding="utf-8" ?>
<dwsync>
<file name="config.php" server="C:/wamp/www/newdms/" local="131155869708973965" remote="131155869700000000" Dst="0" />
<file name="functions.php" server="C:/wamp/www/newdms/" local="131160255544170626" remote="131160255540000000" Dst="0" />
<file name="logout.php" server="C:/wamp/www/newdms/" local="130838024060000000" remote="130838024060000000" Dst="0" />
<file name="ajax_login.php" server="C:/wamp/www/newdms/" local="131154825373738662" remote="131154825370000000" Dst="0" />
<file name="config.php" server="C:/wamp/www/sfa/" local="131597481480987793" remote="131597481480000000" Dst="0" />
<file name="functions.php" server="C:/wamp/www/sfa/" local="131573008181533637" remote="131573008180000000" Dst="0" />
<file name="ajax_login.php" server="C:/wamp/www/sfa/" local="131347803420000000" remote="131347803420000000" Dst="0" />
<file name="class.export-data.hp" server="C:/wamp/www/sfa/" local="131565360875026484" remote="131565360870000000" Dst="0" />
<file name="detect_browser.php" server="C:/wamp/www/sfa/" local="131347803420000000" remote="131347803420000000" Dst="0" />
<file name="index.php" server="C:/wamp/www/sfa/" local="131363052301187418" remote="131363052300000000" Dst="0" />
<file name="logout.php" server="C:/wamp/www/sfa/" local="131347803420000000" remote="131347803420000000" Dst="0" />
<file name="php-export-data.class.php" server="C:/wamp/www/sfa/" local="131513817625893900" remote="131513817620000000" Dst="0" />
</dwsync>