<?xml version="1.0" encoding="utf-8" ?>
<dwsync>
<file name="jquery.iframe-transport.js" server="C:/wamp/www/newdms/" local="130334022100000000" remote="130334022100000000" Dst="0" />
<file name="jquery.fileupload.js" server="C:/wamp/www/newdms/" local="130334022100000000" remote="130334022100000000" Dst="0" />
<file name="jquery.fileupload-process.js" server="C:/wamp/www/newdms/" local="130334022100000000" remote="130334022100000000" Dst="0" />
<file name="jquery.fileupload-image.js" server="C:/wamp/www/newdms/" local="130334022100000000" remote="130334022100000000" Dst="0" />
<file name="jquery.fileupload-audio.js" server="C:/wamp/www/newdms/" local="130334022100000000" remote="130334022100000000" Dst="0" />
<file name="jquery.fileupload-video.js" server="C:/wamp/www/newdms/" local="130334022100000000" remote="130334022100000000" Dst="0" />
<file name="jquery.fileupload-validate.js" server="C:/wamp/www/newdms/" local="130334022100000000" remote="130334022100000000" Dst="0" />
<file name="jquery.fileupload-ui.js" server="C:/wamp/www/newdms/" local="130334022100000000" remote="130334022100000000" Dst="0" />
<file name="main.js" server="C:/wamp/www/newdms/" local="130392916540000000" remote="130392916540000000" Dst="0" />
<file name="jquery.fileupload-audio.js" server="C:/wamp/www/sfa/" local="131347803420000000" remote="131347803420000000" Dst="0" />
<file name="jquery.fileupload-image.js" server="C:/wamp/www/sfa/" local="131347803420000000" remote="131347803420000000" Dst="0" />
<file name="jquery.fileupload-process.js" server="C:/wamp/www/sfa/" local="131347803420000000" remote="131347803420000000" Dst="0" />
<file name="jquery.fileupload-ui.js" server="C:/wamp/www/sfa/" local="131347803420000000" remote="131347803420000000" Dst="0" />
<file name="jquery.fileupload-validate.js" server="C:/wamp/www/sfa/" local="131347803420000000" remote="131347803420000000" Dst="0" />
<file name="jquery.fileupload-video.js" server="C:/wamp/www/sfa/" local="131347803420000000" remote="131347803420000000" Dst="0" />
<file name="jquery.fileupload.js" server="C:/wamp/www/sfa/" local="131347803420000000" remote="131347803420000000" Dst="0" />
<file name="jquery.iframe-transport.js" server="C:/wamp/www/sfa/" local="131347803420000000" remote="131347803420000000" Dst="0" />
<file name="main.js" server="C:/wamp/www/sfa/" local="131347803420000000" remote="131347803420000000" Dst="0" />
</dwsync>