<?xml version="1.0" encoding="utf-8" ?>
<dwsync>
<file name="37.gif" server="C:/wamp/www/newdms/" local="130754640040806923" remote="130754640040000000" Dst="0" />
<file name="37.gif" server="C:/wamp/www/sfa/" local="131347803480000000" remote="131347803480000000" Dst="0" />
<file name="ajax-loader.gif" server="C:/wamp/www/sfa/" local="131347803480000000" remote="131347803480000000" Dst="0" />
<file name="asset.png" server="C:/wamp/www/sfa/" local="131347803480000000" remote="131347803480000000" Dst="0" />
<file name="assign.png" server="C:/wamp/www/sfa/" local="131347803480000000" remote="131347803480000000" Dst="0" />
<file name="load.gif" server="C:/wamp/www/sfa/" local="129451792940000000" remote="129451792940000000" Dst="0" />
<file name="logo.png" server="C:/wamp/www/sfa/" local="131347803480000000" remote="131347803480000000" Dst="0" />
<file name="success.png" server="C:/wamp/www/sfa/" local="131347803480000000" remote="131347803480000000" Dst="0" />
</dwsync>