<?xml version="1.0" encoding="utf-8" ?>
<dwsync>
<file name="demo_page.css" server="C:/wamp/www/newdms/" local="130641742240000000" remote="130641742240000000" Dst="0" />
<file name="demo_table.css" server="C:/wamp/www/newdms/" local="129928660240000000" remote="129928660240000000" Dst="0" />
<file name="DT_bootstrap.css" server="C:/wamp/www/newdms/" local="130392739960000000" remote="130392739960000000" Dst="0" />
<file name="demo_page.css" server="C:/wamp/www/sfa/" local="131347803420000000" remote="131347803420000000" Dst="0" />
<file name="demo_table.css" server="C:/wamp/www/sfa/" local="131347803420000000" remote="131347803420000000" Dst="0" />
<file name="demo_table_jui.css" server="C:/wamp/www/sfa/" local="131347803420000000" remote="131347803420000000" Dst="0" />
<file name="DT_bootstrap.css" server="C:/wamp/www/sfa/" local="131347803420000000" remote="131347803420000000" Dst="0" />
<file name="jquery.dataTables.css" server="C:/wamp/www/sfa/" local="131347803420000000" remote="131347803420000000" Dst="0" />
<file name="jquery.dataTables_themeroller.css" server="C:/wamp/www/sfa/" local="131347803420000000" remote="131347803420000000" Dst="0" />
</dwsync>