<?xml version="1.0" encoding="utf-8" ?>
<dwsync>
<file name="broken-axis.js" server="C:/wamp/www/sfa/" local="131347803420000000" remote="131347803420000000" Dst="0" />
<file name="broken-axis.src.js" server="C:/wamp/www/sfa/" local="131347803420000000" remote="131347803420000000" Dst="0" />
<file name="canvas-tools.js" server="C:/wamp/www/sfa/" local="131347803420000000" remote="131347803420000000" Dst="0" />
<file name="canvas-tools.src.js" server="C:/wamp/www/sfa/" local="131347803420000000" remote="131347803420000000" Dst="0" />
<file name="data.js" server="C:/wamp/www/sfa/" local="131347803420000000" remote="131347803420000000" Dst="0" />
<file name="data.src.js" server="C:/wamp/www/sfa/" local="131347803420000000" remote="131347803420000000" Dst="0" />
<file name="drilldown.js" server="C:/wamp/www/sfa/" local="131347803420000000" remote="131347803420000000" Dst="0" />
<file name="drilldown.src.js" server="C:/wamp/www/sfa/" local="131347803420000000" remote="131347803420000000" Dst="0" />
<file name="exporting.js" server="C:/wamp/www/sfa/" local="131347803420000000" remote="131347803420000000" Dst="0" />
<file name="exporting.src.js" server="C:/wamp/www/sfa/" local="131347803420000000" remote="131347803420000000" Dst="0" />
<file name="funnel.js" server="C:/wamp/www/sfa/" local="131347803420000000" remote="131347803420000000" Dst="0" />
<file name="funnel.src.js" server="C:/wamp/www/sfa/" local="131347803420000000" remote="131347803420000000" Dst="0" />
<file name="heatmap.js" server="C:/wamp/www/sfa/" local="131347803420000000" remote="131347803420000000" Dst="0" />
<file name="heatmap.src.js" server="C:/wamp/www/sfa/" local="131347803420000000" remote="131347803420000000" Dst="0" />
<file name="no-data-to-display.js" server="C:/wamp/www/sfa/" local="131347803420000000" remote="131347803420000000" Dst="0" />
<file name="no-data-to-display.src.js" server="C:/wamp/www/sfa/" local="131347803420000000" remote="131347803420000000" Dst="0" />
<file name="solid-gauge.js" server="C:/wamp/www/sfa/" local="131347803420000000" remote="131347803420000000" Dst="0" />
<file name="solid-gauge.src.js" server="C:/wamp/www/sfa/" local="131347803420000000" remote="131347803420000000" Dst="0" />
<file name="treemap.js" server="C:/wamp/www/sfa/" local="131347803420000000" remote="131347803420000000" Dst="0" />
<file name="treemap.src.js" server="C:/wamp/www/sfa/" local="131347803420000000" remote="131347803420000000" Dst="0" />
</dwsync>