<?xml version="1.0" encoding="utf-8" ?>
<dwsync>
<file name="back_disabled.png" server="C:/wamp/www/newdms/" local="129928660240000000" remote="129928660240000000" Dst="0" />
<file name="back_enabled.png" server="C:/wamp/www/newdms/" local="129928660240000000" remote="129928660240000000" Dst="0" />
<file name="back_enabled_hover.png" server="C:/wamp/www/newdms/" local="129928660240000000" remote="129928660240000000" Dst="0" />
<file name="forward_disabled.png" server="C:/wamp/www/newdms/" local="129928660240000000" remote="129928660240000000" Dst="0" />
<file name="forward_enabled.png" server="C:/wamp/www/newdms/" local="129928660240000000" remote="129928660240000000" Dst="0" />
<file name="forward_enabled_hover.png" server="C:/wamp/www/newdms/" local="129928660240000000" remote="129928660240000000" Dst="0" />
<file name="sort_asc.png" server="C:/wamp/www/newdms/" local="129928660240000000" remote="129928660240000000" Dst="0" />
<file name="sort_desc.png" server="C:/wamp/www/newdms/" local="129928660240000000" remote="129928660240000000" Dst="0" />
<file name="sort_both.png" server="C:/wamp/www/newdms/" local="129928660240000000" remote="129928660240000000" Dst="0" />
<file name="sort_asc_disabled.png" server="C:/wamp/www/newdms/" local="129928660240000000" remote="129928660240000000" Dst="0" />
<file name="sort_desc_disabled.png" server="C:/wamp/www/newdms/" local="129928660240000000" remote="129928660240000000" Dst="0" />
<file name="back_disabled.png" server="C:/wamp/www/sfa/" local="131347803420000000" remote="131347803420000000" Dst="0" />
<file name="back_enabled.png" server="C:/wamp/www/sfa/" local="131347803420000000" remote="131347803420000000" Dst="0" />
<file name="back_enabled_hover.png" server="C:/wamp/www/sfa/" local="131347803420000000" remote="131347803420000000" Dst="0" />
<file name="favicon.ico" server="C:/wamp/www/sfa/" local="131347803420000000" remote="131347803420000000" Dst="0" />
<file name="forward_disabled.png" server="C:/wamp/www/sfa/" local="131347803420000000" remote="131347803420000000" Dst="0" />
<file name="forward_enabled.png" server="C:/wamp/www/sfa/" local="131347803420000000" remote="131347803420000000" Dst="0" />
<file name="forward_enabled_hover.png" server="C:/wamp/www/sfa/" local="131347803420000000" remote="131347803420000000" Dst="0" />
<file name="sort_asc.png" server="C:/wamp/www/sfa/" local="131347803420000000" remote="131347803420000000" Dst="0" />
<file name="sort_asc_disabled.png" server="C:/wamp/www/sfa/" local="131347803420000000" remote="131347803420000000" Dst="0" />
<file name="sort_both.png" server="C:/wamp/www/sfa/" local="131347803420000000" remote="131347803420000000" Dst="0" />
<file name="sort_desc.png" server="C:/wamp/www/sfa/" local="131347803420000000" remote="131347803420000000" Dst="0" />
<file name="sort_desc_disabled.png" server="C:/wamp/www/sfa/" local="131347803420000000" remote="131347803420000000" Dst="0" />
</dwsync>