<?xml version="1.0" encoding="utf-8" ?>
<dwsync>
<file name="zoom.png" server="C:/wamp/www/sfa/" local="131347803420000000" remote="131347803420000000" Dst="0" />
<file name="loading.gif" server="C:/wamp/www/sfa/" local="131347803420000000" remote="131347803420000000" Dst="0" />
<file name="pdf_icon.gif" server="C:/wamp/www/sfa/" local="131347803420000000" remote="131347803420000000" Dst="0" />
<file name="print_icon.gif" server="C:/wamp/www/sfa/" local="131347803420000000" remote="131347803420000000" Dst="0" />
<file name="excel_icon.gif" server="C:/wamp/www/sfa/" local="131347803420000000" remote="131347803420000000" Dst="0" />
<file name="email_icon.gif" server="C:/wamp/www/sfa/" local="131347803420000000" remote="131347803420000000" Dst="0" />
<file name="assign_cluster_AD.png" server="C:/wamp/www/sfa/" local="131347803420000000" remote="131347803420000000" Dst="0" />
<file name="checkbox-gray.png" server="C:/wamp/www/sfa/" local="131347803420000000" remote="131347803420000000" Dst="0" />
<file name="delivery_staff.jpg" server="C:/wamp/www/sfa/" local="131347803420000000" remote="131347803420000000" Dst="0" />
<file name="deliver_icon.jpg" server="C:/wamp/www/sfa/" local="131347803420000000" remote="131347803420000000" Dst="0" />
<file name="fl.jpg" server="C:/wamp/www/sfa/" local="131347803420000000" remote="131347803420000000" Dst="0" />
<file name="gmm.png" server="C:/wamp/www/sfa/" local="131505173507238140" remote="131505173500000000" Dst="0" />
<file name="google_maps.png" server="C:/wamp/www/sfa/" local="131347803420000000" remote="131347803420000000" Dst="0" />
<file name="icon-inventory-management.png" server="C:/wamp/www/sfa/" local="131347803420000000" remote="131347803420000000" Dst="0" />
<file name="images.jpg" server="C:/wamp/www/sfa/" local="131347803420000000" remote="131347803420000000" Dst="0" />
<file name="imagesbfr.jpg" server="C:/wamp/www/sfa/" local="131347803420000000" remote="131347803420000000" Dst="0" />
<file name="imagesrooutes.jpg" server="C:/wamp/www/sfa/" local="131347803420000000" remote="131347803420000000" Dst="0" />
<file name="incomplete.jpg" server="C:/wamp/www/sfa/" local="131347803420000000" remote="131347803420000000" Dst="0" />
<file name="inventory.jpg" server="C:/wamp/www/sfa/" local="131347803420000000" remote="131347803420000000" Dst="0" />
<file name="inventory_icon.png" server="C:/wamp/www/sfa/" local="131347803420000000" remote="131347803420000000" Dst="0" />
<file name="list.png" server="C:/wamp/www/sfa/" local="131347803420000000" remote="131347803420000000" Dst="0" />
<file name="loading1.gif" server="C:/wamp/www/sfa/" local="131347803420000000" remote="131347803420000000" Dst="0" />
<file name="loading34.gif" server="C:/wamp/www/sfa/" local="131347803420000000" remote="131347803420000000" Dst="0" />
<file name="noppt.jpg" server="C:/wamp/www/sfa/" local="131347803420000000" remote="131347803420000000" Dst="0" />
<file name="orders.png" server="C:/wamp/www/sfa/" local="131347803420000000" remote="131347803420000000" Dst="0" />
<file name="outlet.png" server="C:/wamp/www/sfa/" local="131347803420000000" remote="131347803420000000" Dst="0" />
<file name="payments_icon.jpg" server="C:/wamp/www/sfa/" local="131347803420000000" remote="131347803420000000" Dst="0" />
<file name="plan.jpg" server="C:/wamp/www/sfa/" local="131371124287872530" remote="131371124280000000" Dst="0" />
<file name="PowerPoint_icon.png" server="C:/wamp/www/sfa/" local="131368583623117582" remote="131368583620000000" Dst="0" />
<file name="preorder.png" server="C:/wamp/www/sfa/" local="131347803420000000" remote="131347803420000000" Dst="0" />
<file name="radio-gray.png" server="C:/wamp/www/sfa/" local="131347803420000000" remote="131347803420000000" Dst="0" />
<file name="reports.jpg" server="C:/wamp/www/sfa/" local="131347803420000000" remote="131347803420000000" Dst="0" />
<file name="retail.png" server="C:/wamp/www/sfa/" local="131347803420000000" remote="131347803420000000" Dst="0" />
<file name="route_icon.jpg" server="C:/wamp/www/sfa/" local="131347803420000000" remote="131347803420000000" Dst="0" />
<file name="sales.jpg" server="C:/wamp/www/sfa/" local="131347803420000000" remote="131347803420000000" Dst="0" />
<file name="stock.jpg" server="C:/wamp/www/sfa/" local="131347803420000000" remote="131347803420000000" Dst="0" />
<file name="target.png" server="C:/wamp/www/sfa/" local="131371123585313802" remote="131371123580000000" Dst="0" />
<file name="thumb_1420018361.png" server="C:/wamp/www/sfa/" local="131347803420000000" remote="131347803420000000" Dst="0" />
<file name="trashcan.png" server="C:/wamp/www/sfa/" local="131347803420000000" remote="131347803420000000" Dst="0" />
<file name="Truck.png" server="C:/wamp/www/sfa/" local="131347803420000000" remote="131347803420000000" Dst="0" />
<file name="word_icon.png" server="C:/wamp/www/sfa/" local="131368572720644304" remote="131368572720000000" Dst="0" />
</dwsync>