<?xml version="1.0" encoding="utf-8" ?>
<dwsync>
<file name="courier.php" server="C:/wamp/www/sfa/" local="131347803440000000" remote="131347803440000000" Dst="0" />
<file name="courierb.php" server="C:/wamp/www/sfa/" local="131347803440000000" remote="131347803440000000" Dst="0" />
<file name="courierbi.php" server="C:/wamp/www/sfa/" local="131347803440000000" remote="131347803440000000" Dst="0" />
<file name="courieri.php" server="C:/wamp/www/sfa/" local="131347803440000000" remote="131347803440000000" Dst="0" />
<file name="helvetica.php" server="C:/wamp/www/sfa/" local="131347803440000000" remote="131347803440000000" Dst="0" />
<file name="helveticab.php" server="C:/wamp/www/sfa/" local="131347803440000000" remote="131347803440000000" Dst="0" />
<file name="helveticabi.php" server="C:/wamp/www/sfa/" local="131347803440000000" remote="131347803440000000" Dst="0" />
<file name="helveticai.php" server="C:/wamp/www/sfa/" local="131347803440000000" remote="131347803440000000" Dst="0" />
<file name="symbol.php" server="C:/wamp/www/sfa/" local="131347803440000000" remote="131347803440000000" Dst="0" />
<file name="times.php" server="C:/wamp/www/sfa/" local="131347803440000000" remote="131347803440000000" Dst="0" />
<file name="timesb.php" server="C:/wamp/www/sfa/" local="131347803440000000" remote="131347803440000000" Dst="0" />
<file name="timesbi.php" server="C:/wamp/www/sfa/" local="131347803440000000" remote="131347803440000000" Dst="0" />
<file name="timesi.php" server="C:/wamp/www/sfa/" local="131347803440000000" remote="131347803440000000" Dst="0" />
<file name="zapfdingbats.php" server="C:/wamp/www/sfa/" local="131347803440000000" remote="131347803440000000" Dst="0" />
</dwsync>