<?xml version="1.0" encoding="utf-8" ?>
<dwsync>
<file name="bootstrap.css" server="C:/wamp/www/newdms/" local="131156788974629883" remote="131156788970000000" Dst="0" />
<file name="validationEngine.jquery.css" server="C:/wamp/www/newdms/" local="130794024820000000" remote="130794024820000000" Dst="0" />
<file name="style.css" server="C:/wamp/www/newdms/" local="131155966559311453" remote="131155966550000000" Dst="0" />
<file name="style-responsive.css" server="C:/wamp/www/newdms/" local="130628963080000000" remote="130628963080000000" Dst="0" />
<file name="bootstrap.css" server="C:/wamp/www/sfa/" local="131559983669063248" remote="131559983660000000" Dst="0" />
<file name="validationEngine.jquery.css" server="C:/wamp/www/sfa/" local="131347803440000000" remote="131347803440000000" Dst="0" />
<file name="style.css" server="C:/wamp/www/sfa/" local="131560319748903882" remote="131560319740000000" Dst="0" />
<file name="style-responsive.css" server="C:/wamp/www/sfa/" local="131347803440000000" remote="131347803440000000" Dst="0" />
<file name="fullcalendar.print.css" server="C:/wamp/www/sfa/" local="131347803440000000" remote="131347803440000000" Dst="0" />
<file name="layout.css" server="C:/wamp/www/sfa/" local="131347803440000000" remote="131347803440000000" Dst="0" />
<file name="table-responsive.css" server="C:/wamp/www/sfa/" local="131347803440000000" remote="131347803440000000" Dst="0" />
<file name="template.css" server="C:/wamp/www/sfa/" local="131347803440000000" remote="131347803440000000" Dst="0" />
<file name="to-do.css" server="C:/wamp/www/sfa/" local="131347803440000000" remote="131347803440000000" Dst="0" />
</dwsync>