<?xml version="1.0" encoding="utf-8" ?>
<dwsync>
<file name="fontawesome-webfont-v=4.0.3.eot" server="C:/wamp/www/newdms/" local="130281196320000000" remote="130281196320000000" Dst="0" />
<file name="fontawesome-webfont-v=4.0.3.woff" server="C:/wamp/www/newdms/" local="130281196320000000" remote="130281196320000000" Dst="0" />
<file name="fontawesome-webfont-v=4.0.3.ttf" server="C:/wamp/www/newdms/" local="130281196320000000" remote="130281196320000000" Dst="0" />
<file name="fontawesome-webfont-v=4.0.3.eot" server="C:/wamp/www/sfa/" local="131347803440000000" remote="131347803440000000" Dst="0" />
<file name="fontawesome-webfont-v=4.0.3.woff" server="C:/wamp/www/sfa/" local="131347803440000000" remote="131347803440000000" Dst="0" />
<file name="fontawesome-webfont-v=4.0.3.ttf" server="C:/wamp/www/sfa/" local="131347803440000000" remote="131347803440000000" Dst="0" />
<file name="fontawesome-webfont-.eot" server="C:/wamp/www/sfa/" local="131347803440000000" remote="131347803440000000" Dst="0" />
<file name="fontawesome-webfont-v=4.0.3.svg" server="C:/wamp/www/sfa/" local="131347803440000000" remote="131347803440000000" Dst="0" />
</dwsync>