<?xml version="1.0" encoding="utf-8" ?>
<dwsync>
<file name="jquery.validationEngine-en.js" server="C:/wamp/www/newdms/" local="130794025880000000" remote="130794025880000000" Dst="0" />
<file name="jquery.validationEngine.js" server="C:/wamp/www/newdms/" local="130794025120000000" remote="130794025120000000" Dst="0" />
<file name="jquery-1.8.3.min.js" server="C:/wamp/www/newdms/" local="130040953140000000" remote="130040953140000000" Dst="0" />
<file name="scripts.js" server="C:/wamp/www/newdms/" local="131159378885639433" remote="131159378880000000" Dst="0" />
<file name="jquery.js" server="C:/wamp/www/newdms/" local="130213631000000000" remote="130213631000000000" Dst="0" />
<file name="bootstrap.min.js" server="C:/wamp/www/newdms/" local="130367750820000000" remote="130367750820000000" Dst="0" />
<file name="jquery.dcjqaccordion.2.7.js" server="C:/wamp/www/newdms/" local="130322408080000000" remote="130322408080000000" Dst="0" />
<file name="jquery.scrollTo.min.js" server="C:/wamp/www/newdms/" local="130140267700000000" remote="130140267700000000" Dst="0" />
<file name="jquery.nicescroll.js" server="C:/wamp/www/newdms/" local="130193095880000000" remote="130193095880000000" Dst="0" />
<file name="common-scripts.js" server="C:/wamp/www/newdms/" local="130650553240000000" remote="130650553240000000" Dst="0" />
<file name="gritter-conf.js" server="C:/wamp/www/newdms/" local="130384793160000000" remote="130384793160000000" Dst="0" />
<file name="advanced-form-components.js" server="C:/wamp/www/newdms/" local="131155998088529995" remote="131155998080000000" Dst="0" />
<file name="jquery.validationEngine-en.js" server="C:/wamp/www/sfa/" local="131347803420000000" remote="131347803420000000" Dst="0" />
<file name="jquery.validationEngine.js" server="C:/wamp/www/sfa/" local="131489281525161873" remote="131489281520000000" Dst="0" />
<file name="jquery-1.8.3.min.js" server="C:/wamp/www/sfa/" local="131347803440000000" remote="131347803440000000" Dst="0" />
<file name="scripts.js" server="C:/wamp/www/sfa/" local="131566134552938673" remote="131566134550000000" Dst="0" />
<file name="bootstrap.min.js" server="C:/wamp/www/sfa/" local="131347803420000000" remote="131347803420000000" Dst="0" />
<file name="advanced-form-components.js" server="C:/wamp/www/sfa/" local="131347803420000000" remote="131347803420000000" Dst="0" />
<file name="bootbox.min.js" server="C:/wamp/www/sfa/" local="131485162621501629" remote="131485162620000000" Dst="0" />
<file name="bootbox_functions.js" server="C:/wamp/www/sfa/" local="131529245001607748" remote="131529245000000000" Dst="0" />
<file name="common-scripts.js" server="C:/wamp/www/sfa/" local="131347803420000000" remote="131347803420000000" Dst="0" />
<file name="gritter-conf.js" server="C:/wamp/www/sfa/" local="131347803420000000" remote="131347803420000000" Dst="0" />
<file name="index.php" server="C:/wamp/www/sfa/" local="131529164267237174" remote="131529164260000000" Dst="0" />
<file name="jquery-1.10.2.js" server="C:/wamp/www/sfa/" local="131347803420000000" remote="131347803420000000" Dst="0" />
<file name="jquery-ui-1.9.2.custom.min.js" server="C:/wamp/www/sfa/" local="131347803440000000" remote="131347803440000000" Dst="0" />
<file name="jquery.dcjqaccordion.2.7.js" server="C:/wamp/www/sfa/" local="131347803420000000" remote="131347803420000000" Dst="0" />
<file name="jquery.js" server="C:/wamp/www/sfa/" local="131347803440000000" remote="131347803440000000" Dst="0" />
<file name="jquery.nicescroll.js" server="C:/wamp/www/sfa/" local="131347803420000000" remote="131347803420000000" Dst="0" />
<file name="jquery.scrollTo.min.js" server="C:/wamp/www/sfa/" local="131347803420000000" remote="131347803420000000" Dst="0" />
<file name="tasks.js" server="C:/wamp/www/sfa/" local="131347803420000000" remote="131347803420000000" Dst="0" />
<file name="validationEngine.jquery.css" server="C:/wamp/www/sfa/" local="131347803420000000" remote="131347803420000000" Dst="0" />
</dwsync>