<?xml version="1.0" encoding="utf-8" ?>
<dwsync>
<file name="highcharts-3d.js" server="C:/wamp/www/sfa/" local="131347803420000000" remote="131347803420000000" Dst="0" />
<file name="highcharts-3d.src.js" server="C:/wamp/www/sfa/" local="131347803420000000" remote="131347803420000000" Dst="0" />
<file name="highcharts-more.js" server="C:/wamp/www/sfa/" local="131347803420000000" remote="131347803420000000" Dst="0" />
<file name="highcharts-more.src.js" server="C:/wamp/www/sfa/" local="131347803420000000" remote="131347803420000000" Dst="0" />
<file name="highcharts.js" server="C:/wamp/www/sfa/" local="131347803420000000" remote="131347803420000000" Dst="0" />
<file name="highcharts.src.js" server="C:/wamp/www/sfa/" local="131347803420000000" remote="131347803420000000" Dst="0" />
<file name="highslide-full.min.js" server="C:/wamp/www/sfa/" local="131363052299182079" remote="131363052290000000" Dst="0" />
<file name="highslide.config.js" server="C:/wamp/www/sfa/" local="131347803420000000" remote="131347803420000000" Dst="0" />
<file name="highslide.css" server="C:/wamp/www/sfa/" local="131347803420000000" remote="131347803420000000" Dst="0" />
<file name="jquery.min.js" server="C:/wamp/www/sfa/" local="131347803420000000" remote="131347803420000000" Dst="0" />
<file name="jsonp.php" server="C:/wamp/www/sfa/" local="131347803420000000" remote="131347803420000000" Dst="0" />
</dwsync>