<?xml version="1.0" encoding="utf-8" ?>
<dwsync>
<file name="fetch_places.php" server="C:/wamp/www/newdms/" local="130698608760000000" remote="130698608760000000" Dst="0" />
<file name="get_locations.php" server="C:/wamp/www/newdms/" local="130697084140000000" remote="130697084140000000" Dst="0" />
<file name="map.php" server="C:/wamp/www/newdms/" local="130697088880000000" remote="130697088880000000" Dst="0" />
<file name="places_gone.php" server="C:/wamp/www/newdms/" local="130697134980000000" remote="130697134980000000" Dst="0" />
<file name="set_coords.php" server="C:/wamp/www/newdms/" local="130697090160000000" remote="130697090160000000" Dst="0" />
<file name="fetch_places.php" server="C:/wamp/www/sfa/" local="131347803460000000" remote="131347803460000000" Dst="0" />
<file name="get_locations.php" server="C:/wamp/www/sfa/" local="131347803460000000" remote="131347803460000000" Dst="0" />
<file name="map.php" server="C:/wamp/www/sfa/" local="131347803460000000" remote="131347803460000000" Dst="0" />
<file name="places_gone.php" server="C:/wamp/www/sfa/" local="131347803460000000" remote="131347803460000000" Dst="0" />
<file name="set_coords.php" server="C:/wamp/www/sfa/" local="131347803460000000" remote="131347803460000000" Dst="0" />
</dwsync>